<?xml version="1.0" encoding="UTF-8"?>
<project-private xmlns="http://www.netbeans.org/ns/project-private/1">
    <editor-bookmarks xmlns="http://www.netbeans.org/ns/editor-bookmarks/2" lastBookmarkId="0"/>
    <open-files xmlns="http://www.netbeans.org/ns/projectui-open-files/2">
        <group>
            <file>file:/C:/Users/Demo/Documents/NetBeansProjects/ficha8/src/ficha8/Album.java</file>
            <file>file:/C:/Users/Demo/Documents/NetBeansProjects/ficha8/src/ficha8/Ficha8.java</file>
            <file>file:/C:/Users/Demo/Documents/NetBeansProjects/ficha8/src/ficha8/Biblioteca.java</file>
            <file>file:/C:/Users/Demo/Documents/NetBeansProjects/ficha8/src/ficha8/Filme.java</file>
            <file>file:/C:/Users/Demo/Documents/NetBeansProjects/ficha8/src/ficha8/Percurso.java</file>
        </group>
    </open-files>
</project-private>
